lote_id,campaña,lluvia_acumulada,temp_promedio,dias_con_estres
Lote_1,2024,353,18.6,8
Lote_2,2022,405,19.4,0
Lote_3,2024,559,18.3,8
Lote_4,2024,490,20.3,6
Lote_5,2022,517,20.7,8
Lote_6,2022,343,19.9,7
Lote_7,2024,461,23.8,0
Lote_8,2023,501,20.5,7
Lote_9,2024,569,20.0,7
Lote_10,2024,570,21.8,2
