lote_id,tipo_suelo,ph,materia_organica
Lote_1,Franco,7.3,2.3
Lote_2,Arenoso,7.2,3.4
Lote_3,Arenoso,6.4,3.2
Lote_4,Franco,5.7,2.9
Lote_5,Arenoso,6.2,2.0
Lote_6,Franco,6.8,2.0
Lote_7,Arcilloso,6.8,1.6
Lote_8,Arenoso,6.7,2.9
Lote_9,Arcilloso,6.0,1.7
Lote_10,Franco,6.6,2.4
